Hit papers,Career,count,Percentage,,
NN,academia,22359,58.85806044013899,,
YN,academia,3590,58.90073831009024,,
NY,academia,518,65.90330789,,
YY,academia,471,66.99857752,,
