Hit papers,Career,count,Fraction,hindex_mean,hindex_se
NN,academia,22359,58.85806044013899,1.5038686882239813,0.014610559457858576
YN,academia,3590,58.90073831009024,3.308356545961003,0.054851635
NY,academia,518,65.90330789,3.4845559845559846,0.13912213188615524
YY,academia,471,66.99857752,4.670912951167728,0.17547091380895136
